{"t": [0.005, 0.05499999999999999, 0.10500000000000002, 0.15500000000000005], "energy": [0.12496270085876564, 0.12458832995470652, 0.1242148686624108, 0.12384212508631781], "enstrophy": [0.37488907874828903, 0.37388227848376143, 0.3730693439093009, 0.3724463503786285], "mu_margin": [1.9997000224983124, 1.9952118288371263, 1.9882793611951797, 1.9789611575240635]}