{
    "timestamp": 1775343168.0884776,
    "axes": {
        "saturation_mu": 0.9999899838376766,
        "symmetry_chi": 1.0,
        "resonance_lambda": 0.9998204186279578
    },
    "status": "MEGA_VALIDATED_500000",
    "hash": "6d2653ecfb52a75fbf79335e4dc34eafd1429c5c8ea5fc71801f4c0d0187bb31"
}